{"openapi":"3.0.1","info":{"title":"某某系統介接規格","description":"某某系統介接規格","termsOfService":"https://www.ginmao.com.tw","license":{"name":"晶茂資訊","url":"https://www.ginmao.com.tw"},"version":"1"},"servers":[{"url":"https://localhost:8443","description":"請輸入系統名稱"}],"security":[{"個資存取權限":["person:read","person:write"]}],"tags":[{"name":"person","description":"個資"}],"paths":{"/api/person/save":{"post":{"tags":["person"],"summary":"儲存","operationId":"save","requestBody":{"content":{"application/json":{"schema":{"$ref":"#/components/schemas/Person"}}},"required":true},"responses":{"400":{"description":"執行錯誤","content":{"application/json":{"schema":{"$ref":"#/components/schemas/Result"}}}},"default":{"description":"執行結果","content":{"application/json":{"schema":{"$ref":"#/components/schemas/Result"}}}}}}},"/api/person/hello":{"get":{"tags":["person"],"summary":"哈囉","operationId":"hello","responses":{"400":{"description":"執行錯誤","content":{"application/json":{"schema":{"$ref":"#/components/schemas/Result"}}}},"default":{"description":"執行結果","content":{"application/json":{"schema":{"$ref":"#/components/schemas/Result"}}}}}}}},"components":{"schemas":{"Person":{"title":"個資","required":["name"],"type":"object","properties":{"name":{"type":"string","description":"姓名"},"birthday":{"pattern":"^\\d{7}$","type":"string","description":"生日"},"gender":{"pattern":"1|2","type":"string","description":"性別"}},"description":"個資"},"Result":{"title":"執行結果","type":"object","properties":{"code":{"title":"結果類型","type":"string","description":"執行結果類型","enum":["OK","FAIL","IGNORE"]},"message":{"title":"訊息","type":"string","description":"訊息"}},"description":"執行結果"}},"securitySchemes":{"person":{"type":"oauth2","flows":{"clientCredentials":{"tokenUrl":"https://localhost:8443/oauth2/token","scopes":{"person:write":"個資寫入權限","person:read":"個資讀取權限"}}}}}}}